PRAGMA foreign_keys=OFF;
BEGIN TRANSACTION;

DROP TABLE IF EXISTS EMPLOYEE;
DROP TABLE IF EXISTS SCHOOL;
DROP TABLE IF EXISTS DEPARTMENT;
DROP TABLE IF EXISTS COURSE;
DROP TABLE IF EXISTS CLASS;
DROP TABLE IF EXISTS STUDENT;
DROP TABLE IF EXISTS ENROLL;
DROP TABLE IF EXISTS PROFESSOR;

CREATE TABLE EMPLOYEE (
  EMP_NUM INTEGER PRIMARY KEY NOT NULL,
  EMP_LNAME VARCHAR(30) NOT NULL,
  EMP_FNAME VARCHAR(20) NOT NULL,
  EMP_INITIAL VARCHAR(1),
  EMP_JOBCODE VARCHAR(10) NOT NULL,
  EMP_HIREDATE DATE NOT NULL,
  EMP_DOB DATE NOT NULL
);
INSERT INTO "EMPLOYEE" VALUES(100,'Worley','James','F','CUST','2/23/1978 0:00:00','6/12/1950 0:00:00');
INSERT INTO "EMPLOYEE" VALUES(101,'Ramso','Henry','B','CUST','11/15/1994 0:00:00','11/2/1961 0:00:00');
INSERT INTO "EMPLOYEE" VALUES(102,'Edwards','Rosemary','D','TECH','7/23/1990 0:00:00','7/3/1953 0:00:00');
INSERT INTO "EMPLOYEE" VALUES(103,'Donelly','Ronald','O','PROF','7/1/1987 0:00:00','10/2/1952 0:00:00');
INSERT INTO "EMPLOYEE" VALUES(104,'Yukon','Preston','D','PROF','5/1/1992 0:00:00','2/23/1948 0:00:00');
INSERT INTO "EMPLOYEE" VALUES(105,'Heffington','Arnelle','B','PROF','7/1/1991 0:00:00','11/2/1950 0:00:00');
INSERT INTO "EMPLOYEE" VALUES(106,'Washington','Ross','E','PROF','8/1/1976 0:00:00','3/4/1941 0:00:00');
INSERT INTO "EMPLOYEE" VALUES(108,'Robertson','Elaine','W','TECH','10/18/1983 0:00:00','6/20/1961 0:00:00');
INSERT INTO "EMPLOYEE" VALUES(110,'Thieu','Van','S','PROF','8/1/1989 0:00:00','8/12/1951 0:00:00');
INSERT INTO "EMPLOYEE" VALUES(114,'Graztevski','Gerald','B','PROF','8/1/1978 0:00:00','3/18/1939 0:00:00');
INSERT INTO "EMPLOYEE" VALUES(122,'Wilson','Todd','H','CUST','11/6/1990 0:00:00','10/19/1966 0:00:00');
INSERT INTO "EMPLOYEE" VALUES(123,'Jones','Suzanne','B','TECH','1/5/1994 0:00:00','12/30/1967 0:00:00');
INSERT INTO "EMPLOYEE" VALUES(124,'Smith','Elsa','K','CLRK','12/16/1982 0:00:00','9/13/1943 0:00:00');
INSERT INTO "EMPLOYEE" VALUES(126,'Ardano','James','G','CLRK','10/1/1994 0:00:00','3/12/1970 0:00:00');
INSERT INTO "EMPLOYEE" VALUES(155,'Ritula','Annelise',NULL,'PROF','8/1/1990 0:00:00','5/24/1957 0:00:00');
INSERT INTO "EMPLOYEE" VALUES(160,'Smith','Robert','T','PROF','8/1/1992 0:00:00','6/19/1955 0:00:00');
INSERT INTO "EMPLOYEE" VALUES(161,'Watson','George','F','CUST','11/1/1994 0:00:00','10/2/1962 0:00:00');
INSERT INTO "EMPLOYEE" VALUES(162,'Rob','Peter',NULL,'PROF','8/1/1981 0:00:00','6/20/1940 0:00:00');
INSERT INTO "EMPLOYEE" VALUES(165,'Williamson','Kathryn','A','CLRK','6/15/1992 0:00:00','11/17/1968 0:00:00');
INSERT INTO "EMPLOYEE" VALUES(166,'Herndon','Jill','M','TECH','8/18/1990 0:00:00','8/29/1965 0:00:00');
INSERT INTO "EMPLOYEE" VALUES(173,'Teng','Weston','J','TECH','7/15/1980 0:00:00','11/17/1951 0:00:00');
INSERT INTO "EMPLOYEE" VALUES(191,'Dexter','Willa','N','PROF','8/1/1984 0:00:00','5/17/1953 0:00:00');
INSERT INTO "EMPLOYEE" VALUES(195,'Williams','Herman','H','PROF','8/1/1988 0:00:00','11/19/1955 0:00:00');
INSERT INTO "EMPLOYEE" VALUES(209,'Smith','Melanie','K','PROF','8/1/1983 0:00:00','5/24/1946 0:00:00');
INSERT INTO "EMPLOYEE" VALUES(228,'Coronel','Carlos','M','PROF','8/1/1988 0:00:00','5/16/1949 0:00:00');
INSERT INTO "EMPLOYEE" VALUES(231,'Shebert','Rebecca','A','CUST','2/21/1994 0:00:00','2/27/1963 0:00:00');
INSERT INTO "EMPLOYEE" VALUES(297,'Jones','Hermine',NULL,'PROF','1/1/1985 0:00:00','7/4/1950 0:00:00');
INSERT INTO "EMPLOYEE" VALUES(299,'Stoddard','Doreen','L','PROF','8/1/1994 0:00:00','4/25/1960 0:00:00');
INSERT INTO "EMPLOYEE" VALUES(301,'Osaki','Ismael','K','PROF','8/1/1989 0:00:00','5/25/1952 0:00:00');
INSERT INTO "EMPLOYEE" VALUES(333,'Jordan','Julian','H','TECH','4/23/1991 0:00:00','7/16/1968 0:00:00');
INSERT INTO "EMPLOYEE" VALUES(335,'Okomoto','Ronald','F','PROF','8/1/1975 0:00:00','3/3/1944 0:00:00');
INSERT INTO "EMPLOYEE" VALUES(342,'Smith','Robert','A','PROF','8/1/1978 0:00:00','12/30/1937 0:00:00');
INSERT INTO "EMPLOYEE" VALUES(387,'Smithson','George','D','PROF','8/1/1982 0:00:00','10/1/1948 0:00:00');
INSERT INTO "EMPLOYEE" VALUES(401,'Blalock','James','G','PROF','8/1/1981 0:00:00','3/15/1945 0:00:00');
INSERT INTO "EMPLOYEE" VALUES(412,'Smith','Robert','E','CUST','6/24/1985 0:00:00','9/25/1963 0:00:00');
INSERT INTO "EMPLOYEE" VALUES(425,'Matler','Ralph','F','PROF','8/1/1995 0:00:00','12/2/1973 0:00:00');
INSERT INTO "EMPLOYEE" VALUES(435,'Doornberg','Anne','D','PROF','8/1/1992 0:00:00','10/2/1963 0:00:00');
CREATE TABLE SCHOOL (
  SCHOOL_CODE VARCHAR(10) PRIMARY KEY  NOT NULL,
  EMP_NUM INTEGER NOT NULL,
  SCHOOL_ADDRESS VARCHAR(150) NOT NULL,
  SCHOOL_OFFICE VARCHAR(15) NOT NULL,
  SCHOOL_EXTENSION VARCHAR(4) NOT NULL,
  FOREIGN KEY(EMP_NUM) REFERENCES EMPLOYEE(EMP_NUM)
);
INSERT INTO "SCHOOL" VALUES('A&SCI',335,'Box 200','DRE 208','2000');
INSERT INTO "SCHOOL" VALUES('BUS',228,'Box 300','KLR 300','3000');
CREATE TABLE DEPARTMENT (
  DEPT_CODE VARCHAR(10) PRIMARY KEY NOT NULL,
  DEPT_NAME VARCHAR (40) NOT NULL,
  SCHOOL_CODE VARCHAR(10) NOT NULL,
  EMP_NUM INTEGER NOT NULL,
  DEPT_ADDRESS VARCHAR(150) NOT NULL,
  DEPT_EXTENSION VARCHAR(4) NOT NULL,
  FOREIGN KEY(SCHOOL_CODE) REFERENCES SCHOOL(SCHOOL_CODE),
  FOREIGN KEY(EMP_NUM) REFERENCES EMPLOYEE(EMP_NUM)
);
INSERT INTO "DEPARTMENT" VALUES('ACCT','Accounting','BUS',114,'KLR 211, Box 52','3119');
INSERT INTO "DEPARTMENT" VALUES('ART','Fine Arts','A&SCI',435,'BBG 185, Box 128','2278');
INSERT INTO "DEPARTMENT" VALUES('BIOL','Biology','A&SCI',387,'AAK 230, Box 415','4117');
INSERT INTO "DEPARTMENT" VALUES('CIS','Computer Info. Systems','BUS',209,'KLR 333, Box 56','3245');
INSERT INTO "DEPARTMENT" VALUES('ECON/FIN','Economics/Finance','BUS',299,'KLR 284, Box 63','3126');
INSERT INTO "DEPARTMENT" VALUES('ENG','English','A&SCI',160,'DRE 102, Box 223','1004');
INSERT INTO "DEPARTMENT" VALUES('HIST','History','A&SCI',103,'DRE 156, Box 284','1867');
INSERT INTO "DEPARTMENT" VALUES('MATH','Mathematics','A&SCI',297,'AAK 194, Box 422','4234');
INSERT INTO "DEPARTMENT" VALUES('MKT/MGT','Marketing/Management','BUS',106,'KLR 126, Box 55','3342');
INSERT INTO "DEPARTMENT" VALUES('PSYCH','Psychology','A&SCI',195,'AAK 297, Box 438','4110');
INSERT INTO "DEPARTMENT" VALUES('SOC','Sociology','A&SCI',342,'BBG 208, Box 132','2008');
CREATE TABLE COURSE (
  CRS_CODE VARCHAR(25) PRIMARY KEY NOT NULL,
  DEPT_CODE VARCHAR(10) NOT NULL NOT NULL,
  CRS_DESCRIPTION VARCHAR(255) NOT NULL,
  CRS_CREDIT DOUBLE NOT NULL,
  FOREIGN KEY(DEPT_CODE) REFERENCES DEPARTMENT(DEPT_CODE)
);
INSERT INTO "COURSE" VALUES('ACCT-211','ACCT','Accounting I',3.0);
INSERT INTO "COURSE" VALUES('ACCT-212','ACCT','Accounting II',3.0);
INSERT INTO "COURSE" VALUES('ACCT-311','ACCT','Managerial Accounting',3.0);
INSERT INTO "COURSE" VALUES('ART-210','ART','Intro. to Art',3.0);
INSERT INTO "COURSE" VALUES('ART-340','ART','Jewelry Design',3.0);
INSERT INTO "COURSE" VALUES('BIOL-120','BIOL','Intro. to Biology',4.0);
INSERT INTO "COURSE" VALUES('BIOL-220','BIOL','Biology and the Environment',4.0);
INSERT INTO "COURSE" VALUES('CIS-220','CIS','Intro. to Microcomputing',3.0);
INSERT INTO "COURSE" VALUES('CIS-320','CIS','Spreadsheet Applications',3.0);
INSERT INTO "COURSE" VALUES('CIS-370','CIS','Intro. to Systems Analysis',3.0);
INSERT INTO "COURSE" VALUES('CIS-420','CIS','Database Design and Implementation',4.0);
INSERT INTO "COURSE" VALUES('ECON-240','ECON/FIN','Microeconomics',3.0);
INSERT INTO "COURSE" VALUES('ECON-250','ECON/FIN','Macroeconomics',3.0);
INSERT INTO "COURSE" VALUES('ENG-210','ENG','Writing',3.0);
INSERT INTO "COURSE" VALUES('ENG-220','ENG','Literature',3.0);
INSERT INTO "COURSE" VALUES('FIN-300','ECON/FIN','Money and Banking',3.0);
INSERT INTO "COURSE" VALUES('HIST-210','HIST','U.S. History Through the 1800s',3.0);
INSERT INTO "COURSE" VALUES('HIST-220','HIST','U.S. History Through the 1900s',3.0);
INSERT INTO "COURSE" VALUES('MATH-120','MATH','College Algebra I',3.0);
INSERT INTO "COURSE" VALUES('MATH-240','MATH','Intro. to Calculus',4.0);
INSERT INTO "COURSE" VALUES('MATH-243','MATH','Mathematics for Managers',3.0);
INSERT INTO "COURSE" VALUES('MGT-340','MKT/MGT','Intro. to Management',3.0);
INSERT INTO "COURSE" VALUES('MKT-360','MKT/MGT','Intro. to Marketing',3.0);
INSERT INTO "COURSE" VALUES('PSYCH-200','PSYCH','Intro. to Psychology',3.0);
INSERT INTO "COURSE" VALUES('QM-261','CIS','Intro. to Statistics',3.0);
INSERT INTO "COURSE" VALUES('QM-362','CIS','Statistical Applications',4.0);
INSERT INTO "COURSE" VALUES('SOC-200','SOC','Intro. to Sociology',3.0);
INSERT INTO "COURSE" VALUES('SPCH-240','ENG','Public Speeking',3.0);
CREATE TABLE CLASS (
  CLASS_CODE INTEGER PRIMARY KEY NOT NULL,
  CRS_CODE VARCHAR(25) NOT NULL,
  CLASS_SECTION INTEGER NOT NULL,
  CLASS_TIME VARCHAR(30) NOT NULL,
  CLASS_ROOM VARCHAR(15) NOT NULL,
  EMP_NUM INTEGER NOT NULL,
  FOREIGN KEY(CRS_CODE) REFERENCES COURSE(CRS_CODE),
  FOREIGN KEY(EMP_NUM) REFERENCES EMPLOYEE(EMP_NUM)
);
INSERT INTO "CLASS" VALUES(10012,'ACCT-211',1,'MWF 8:00-8:50 a.m.','KLR 225',105);
INSERT INTO "CLASS" VALUES(10013,'ACCT-211',2,'MWF 9:00-9:50 a.m.','KLR 225',105);
INSERT INTO "CLASS" VALUES(10014,'ACCT-211',3,'TTh 2:30-3:45 p.m.','KLR 225',342);
INSERT INTO "CLASS" VALUES(10015,'ACCT-212',1,'MWF 10:00-10:50 a.m.','KLR 240',301);
INSERT INTO "CLASS" VALUES(10016,'ACCT-212',2,'Th 6:00-8:40 p.m.','KLR 240',301);
INSERT INTO "CLASS" VALUES(10017,'ACCT-311',1,'TTh 3:30-4:45 p.m.','KLR 240',114);
INSERT INTO "CLASS" VALUES(12001,'ART-210',1,'MWF 8:00-8:50 a.m.','BBG 120',435);
INSERT INTO "CLASS" VALUES(12002,'ART-340',1,'MWF 10:00-10:50 a.m.','BBG 143',435);
INSERT INTO "CLASS" VALUES(15020,'BIOL-120',1,'TTh 12:30-1:45 p.m.','AAK 166',110);
INSERT INTO "CLASS" VALUES(15021,'BIOL-120',2,'Tue 6:00-8:40 p.m.','AAK 156',110);
INSERT INTO "CLASS" VALUES(15022,'BIOL-120',3,'MWF 1:00-1:50 p.m.','AAK 156',387);
INSERT INTO "CLASS" VALUES(15030,'BIOL-220',1,'MWF 2:00-2:50 p.m.','AAK 172',387);
INSERT INTO "CLASS" VALUES(20017,'CIS-220',1,'MWF 9:00-9:50 a.m.','KLR 209',228);
INSERT INTO "CLASS" VALUES(20018,'CIS-220',2,'MWF 9:00-9:50 a.m.','KLR 211',162);
INSERT INTO "CLASS" VALUES(20019,'CIS-220',3,'MWF 10:00-10:50 a.m.','KLR 209',228);
INSERT INTO "CLASS" VALUES(20025,'CIS-320',1,'MWF 10:00-10:50 a.m.','KLR 211',228);
INSERT INTO "CLASS" VALUES(20030,'CIS-370',1,'MWF 11:00-11:50 a.m.','KLR 209',209);
INSERT INTO "CLASS" VALUES(20031,'CIS-370',2,'Tue 6:00-8:40 p.m.','KLR 211',209);
INSERT INTO "CLASS" VALUES(20040,'CIS-420',1,'Wed 6:00-8:40 p.m.','KLR 209',162);
INSERT INTO "CLASS" VALUES(22010,'ECON-240',1,'MWF 8:00-8:50 a.m.','KLR 290',299);
INSERT INTO "CLASS" VALUES(22011,'ECON-240',2,'TTh 3:30-4:45 p.m.','KLR 290',425);
INSERT INTO "CLASS" VALUES(22020,'ECON-250',1,'Wed 6:00-8:40 p.m.','KLR 290',299);
INSERT INTO "CLASS" VALUES(23110,'MGT-340',1,'TTh 8:00-9:15 a.m.','KLR 152',191);
INSERT INTO "CLASS" VALUES(23111,'MGT-340',2,'Mon 6:00-8:40 p.m.','KLR 152',191);
INSERT INTO "CLASS" VALUES(23120,'MKT-360',1,'MWF 10:00-10:50 a.m.','KLR 152',191);
INSERT INTO "CLASS" VALUES(23121,'MKT-360',2,'Th 6:00-8:40 p.m.','KLR 152',106);
INSERT INTO "CLASS" VALUES(25000,'ENG-210',1,'MWF 1:00-1:50 p.m.','DRE 257',104);
INSERT INTO "CLASS" VALUES(25001,'ENG-210',2,'MWF 2:00-2:50 p.m.','DRE 257',104);
INSERT INTO "CLASS" VALUES(25002,'ENG-210',3,'TTH 12:30-1:45 p.m.','DRE 257',160);
INSERT INTO "CLASS" VALUES(25010,'SPCH-240',1,'MWF 8:00-8:50 a.m.','DRE 242',104);
INSERT INTO "CLASS" VALUES(25011,'SPCH-240',2,'TTh 3:30-4:45 p.m.','DRE 242',104);
INSERT INTO "CLASS" VALUES(30010,'PSYCH-200',1,'MWF 11:00-11:50 a.m.','AAK 244',195);
INSERT INTO "CLASS" VALUES(30110,'SOC-200',1,'TTH 8:00-9:15 a.m.','BBG 258',342);
INSERT INTO "CLASS" VALUES(32000,'HIST-210',1,'MWF 10:00-10:50 a.m.','DRE 144',103);
INSERT INTO "CLASS" VALUES(32001,'HIST-210',2,'MWF 1:00-1:50 p.m.','DRE 144',401);
INSERT INTO "CLASS" VALUES(32002,'HIST-210',3,'TTH 2:00-3:15 p.m.','DRE 144',401);
INSERT INTO "CLASS" VALUES(32011,'HIST-220',1,'MWF 11:00-11:50 a.m.','DRE 144',103);
INSERT INTO "CLASS" VALUES(40010,'MATH-120',1,'TTh 8:00-9:15 a.m.','AAK 200',155);
INSERT INTO "CLASS" VALUES(40011,'MATH-120',2,'MWF 11:00-11:50 a.m.','AAK 200',155);
INSERT INTO "CLASS" VALUES(40101,'MATH-243',1,'MWF 3:00-3:50 p.m.','AAK 202',297);
INSERT INTO "CLASS" VALUES(50021,'QM-261',1,'MWF 8:00-8:50 a.m.','KLR 200',228);
INSERT INTO "CLASS" VALUES(50022,'QM-261',2,'TTh 1:00-2:15 p.m.','KLR 200',228);
INSERT INTO "CLASS" VALUES(50023,'QM-362',1,'MWF 11:00-11:50 a.m.','KLR 200',162);
INSERT INTO "CLASS" VALUES(50024,'QM-362',2,'TTh 2:30-3:45 p.m.','KLR 200',162);
CREATE TABLE STUDENT (
  STU_NUM INTEGER PRIMARY KEY NOT NULL,
  STU_LNAME VARCHAR(30) NOT NULL,
  STU_FNAME VARCHAR(20) NOT NULL,
  STU_INITIAL VARCHAR(1),
  STU_DOB DATE NOT NULL,
  STU_HRS INTEGER NOT NULL,
  STU_CLASS VARCHAR(2) NOT NULL,
  STU_GPA DOUBLE,
  STU_TRANSFER INTEGER NOT NULL,
  DEPT_CODE VARCHAR(10) NOT NULL,
  STU_PHONE VARCHAR(10),
  EMP_NUM INTEGER NOT NULL,
  FOREIGN KEY(DEPT_CODE) REFERENCES DEPARTMENT(DEPT_CODE),
  FOREIGN KEY(EMP_NUM) REFERENCES EMPLOYEE(EMP_NUM)
);
INSERT INTO "STUDENT" VALUES(300245,'Peppard','Randy','K','6/21/1975 0:00:00',45,'So',2.61,0,'BIOL','2134',387);
INSERT INTO "STUDENT" VALUES(311198,'Robertson','Anne','B','11/15/1970 0:00:00',93,'Jr',3.04,0,'CIS','2215',162);
INSERT INTO "STUDENT" VALUES(311357,'Huizinga','Jan','H','4/4/1973 0:00:00',78,'Jr',2.02,0,'MKT/MGT',NULL,106);
INSERT INTO "STUDENT" VALUES(319989,'Schloss','Heinz','D','2/25/1960 0:00:00',105,'Sr',3.45,0,'MKT/MGT','2617',106);
INSERT INTO "STUDENT" VALUES(320367,'Grafton','Suzanna','A','10/18/1976 0:00:00',42,'So',2.81,0,'HIST',NULL,103);
INSERT INTO "STUDENT" VALUES(321452,'Bowser','William','C','2/12/1972 0:00:00',57,'So',1.55,0,'BIOL','2134',387);
INSERT INTO "STUDENT" VALUES(322345,'Wesson','Sidney',NULL,'12/14/1956 0:00:00',51,'So',3.91,0,'ACCT',NULL,301);
INSERT INTO "STUDENT" VALUES(323119,'Papar','George','D','4/4/1970 0:00:00',108,'Sr',2.78,0,'MKT/MGT',NULL,106);
INSERT INTO "STUDENT" VALUES(324257,'Smithson','Anne','K','11/18/1973 0:00:00',81,'Jr',2.02,1,'CIS','2256',209);
INSERT INTO "STUDENT" VALUES(324258,'Brewer','Juliette',NULL,'8/23/1966 0:00:00',39,'So',3.48,1,'ACCT','2256',114);
INSERT INTO "STUDENT" VALUES(324269,'Oblonski','Walter','H','9/16/1973 0:00:00',66,'Jr',2.17,0,'CIS','2114',162);
INSERT INTO "STUDENT" VALUES(324273,'Smith','John','D','12/30/1955 0:00:00',102,'Sr',2.72,1,'MATH','2231',155);
INSERT INTO "STUDENT" VALUES(324274,'Katinga','Raphael','P','10/25/1968 0:00:00',114,'Sr',2.91,0,'ACCT','2267',114);
INSERT INTO "STUDENT" VALUES(324291,'Robertson','Gerald','T','4/4/1970 0:00:00',120,'Sr',2.45,0,'BIOL','2267',387);
INSERT INTO "STUDENT" VALUES(324299,'Smith','John','B','11/30/1975 0:00:00',15,'Fr',1.75,0,'ACCT','2315',301);
INSERT INTO "STUDENT" VALUES(324567,'Willow','Samuel','J','7/12/1979 0:00:00',0,'Fr',NULL,0,'BIOL',NULL,387);
INSERT INTO "STUDENT" VALUES(325563,'Warren','Marie','L','8/22/1971 0:00:00',38,'So',2.42,0,'ACCT','2215',301);
INSERT INTO "STUDENT" VALUES(326578,'Weston','George','D','2/1/1978 0:00:00',93,'Jr',2.09,0,'MKT/MGT',NULL,106);
INSERT INTO "STUDENT" VALUES(327689,'Olenga','Leontine','K','10/15/1976 0:00:00',84,'Jr',3.12,0,'MKT/MGT','2215',106);
INSERT INTO "STUDENT" VALUES(328799,'Smith','Robert','W','4/8/1950 0:00:00',102,'Sr',3.51,0,'BIOL',NULL,387);
INSERT INTO "STUDENT" VALUES(328934,'Innugado','Carlos','R','11/30/1976 0:00:00',75,'Jr',2.38,1,'CIS','2617',228);
INSERT INTO "STUDENT" VALUES(328993,'Jubilar','Anton','P','10/29/1958 0:00:00',108,'Sr',2.95,0,'ACCT',NULL,114);
INSERT INTO "STUDENT" VALUES(330010,'Schlumberg','Georgette','A','2/25/1949 0:00:00',16,'Fr',3.21,0,'CIS',NULL,209);
INSERT INTO "STUDENT" VALUES(330021,'Browning','William','C','12/30/1972 0:00:00',45,'So',1.53,0,'HIST','2617',103);
INSERT INTO "STUDENT" VALUES(332345,'Paulus','Annelise','H','1/5/1974 0:00:00',108,'Sr',3.92,0,'MATH',NULL,155);
INSERT INTO "STUDENT" VALUES(341101,'Richter','Ronald','G','11/30/1960 0:00:00',0,'Fr',NULL,0,'ART','2118',435);
INSERT INTO "STUDENT" VALUES(341108,'Smith','Darren','K','8/18/1988 0:00:00',15,'Fr',2.45,1,'ENG','2257',160);
INSERT INTO "STUDENT" VALUES(342715,'Alvarez','Marie','M','4/19/1987 0:00:00',51,'Jr',2.98,0,'ENG','2001',160);
INSERT INTO "STUDENT" VALUES(342721,'Rutan','Robert','B','2/2/1981 0:00:00',42,'So',3.01,0,'ECON/FIN','2851',299);
INSERT INTO "STUDENT" VALUES(342722,'Browning','Louise','A','10/12/1984 0:00:00',66,'Jr',3.72,0,'SOC',NULL,342);
INSERT INTO "STUDENT" VALUES(342745,'Ularen','Warren','R','9/23/1975 0:00:00',99,'Sr',2.51,1,'PSYCH',NULL,195);
INSERT INTO "STUDENT" VALUES(342748,'Perdurax','George','H','5/27/1970 0:00:00',45,'So',2.78,0,'ACCT','2119',301);
INSERT INTO "STUDENT" VALUES(343749,'Brewton','John',NULL,'5/1/1966 0:00:00',51,'So',1.65,0,'CIS','2817',209);
INSERT INTO "STUDENT" VALUES(345755,'Washington','Jeanine','K','12/25/1978 0:00:00',18,'Fr',2.87,1,'MKT/MGT','2555',191);
INSERT INTO "STUDENT" VALUES(345758,'Johnson','Antoinette','E','6/16/1975 0:00:00',84,'Jr',3.45,0,'CIS',NULL,209);
INSERT INTO "STUDENT" VALUES(345767,'Jones','Rupert','R','3/19/1975 0:00:00',78,'Jr',3.33,1,'ENG','2393',104);
INSERT INTO "STUDENT" VALUES(345779,'Hernando','Kenna','D','7/12/1971 0:00:00',117,'Sr',3.88,0,'HIST','2904',401);
INSERT INTO "STUDENT" VALUES(345783,'Boisseaux','LaRue','H','11/28/1979 0:00:00',39,'So',3.02,0,'ART',NULL,435);
CREATE TABLE ENROLL (
  CLASS_CODE INTEGER NOT NULL,
  STU_NUM INTEGER NOT NULL,
  ENROLL_GRADE VARCHAR(2),
  ENROLL_CREDIT INTEGER NOT NULL,
  PRIMARY KEY (CLASS_CODE, STU_NUM),
  FOREIGN KEY(CLASS_CODE) REFERENCES CLASS(CLASS_CODE),
  FOREIGN KEY(STU_NUM) REFERENCES STUDENT(STU_NUM)
);
INSERT INTO "ENROLL" VALUES(10012,311198,'-',3);
INSERT INTO "ENROLL" VALUES(10012,311357,'-',3);
INSERT INTO "ENROLL" VALUES(10012,322345,'-',3);
INSERT INTO "ENROLL" VALUES(10012,324274,'-',3);
INSERT INTO "ENROLL" VALUES(10012,343749,'-',3);
INSERT INTO "ENROLL" VALUES(10013,324258,'-',3);
INSERT INTO "ENROLL" VALUES(10013,325563,'-',3);
INSERT INTO "ENROLL" VALUES(10014,319989,'-',3);
INSERT INTO "ENROLL" VALUES(10014,321452,'-',3);
INSERT INTO "ENROLL" VALUES(10014,324257,'-',3);
INSERT INTO "ENROLL" VALUES(10016,320367,'-',3);
INSERT INTO "ENROLL" VALUES(10016,327689,'-',3);
INSERT INTO "ENROLL" VALUES(10016,342721,'-',3);
INSERT INTO "ENROLL" VALUES(10016,345758,'-',3);
INSERT INTO "ENROLL" VALUES(10017,324269,'-',3);
INSERT INTO "ENROLL" VALUES(10017,328934,'-',3);
INSERT INTO "ENROLL" VALUES(10017,328993,'-',3);
INSERT INTO "ENROLL" VALUES(12001,321452,'-',3);
INSERT INTO "ENROLL" VALUES(12001,342721,'-',3);
INSERT INTO "ENROLL" VALUES(12001,345783,'-',3);
INSERT INTO "ENROLL" VALUES(12002,320367,'-',3);
INSERT INTO "ENROLL" VALUES(12002,328934,'-',3);
INSERT INTO "ENROLL" VALUES(15020,345783,'-',4);
INSERT INTO "ENROLL" VALUES(15021,320367,'-',4);
INSERT INTO "ENROLL" VALUES(15021,321452,'-',4);
INSERT INTO "ENROLL" VALUES(15021,324274,'-',4);
INSERT INTO "ENROLL" VALUES(15021,330021,'-',4);
INSERT INTO "ENROLL" VALUES(15022,322345,'-',4);
INSERT INTO "ENROLL" VALUES(15022,327689,'-',4);
INSERT INTO "ENROLL" VALUES(20017,342721,'-',3);
INSERT INTO "ENROLL" VALUES(20017,343749,'-',3);
INSERT INTO "ENROLL" VALUES(20018,311357,'-',3);
INSERT INTO "ENROLL" VALUES(20018,322345,'-',3);
INSERT INTO "ENROLL" VALUES(20019,321452,'-',3);
INSERT INTO "ENROLL" VALUES(20019,324258,'-',3);
INSERT INTO "ENROLL" VALUES(20019,325563,'-',3);
INSERT INTO "ENROLL" VALUES(20025,345758,'-',3);
INSERT INTO "ENROLL" VALUES(20030,311198,'-',3);
INSERT INTO "ENROLL" VALUES(20030,324257,'-',3);
INSERT INTO "ENROLL" VALUES(20030,328934,'-',3);
INSERT INTO "ENROLL" VALUES(20030,345758,'-',3);
INSERT INTO "ENROLL" VALUES(20040,324269,'-',4);
INSERT INTO "ENROLL" VALUES(20040,328993,'-',4);
INSERT INTO "ENROLL" VALUES(22011,327689,'-',3);
INSERT INTO "ENROLL" VALUES(22011,342721,'-',3);
INSERT INTO "ENROLL" VALUES(22020,321452,'-',3);
INSERT INTO "ENROLL" VALUES(22020,324274,'-',3);
INSERT INTO "ENROLL" VALUES(22020,343749,'-',3);
INSERT INTO "ENROLL" VALUES(23110,311198,'-',3);
INSERT INTO "ENROLL" VALUES(23110,311357,'-',3);
INSERT INTO "ENROLL" VALUES(23110,324257,'-',3);
INSERT INTO "ENROLL" VALUES(23110,345758,'-',3);
INSERT INTO "ENROLL" VALUES(23111,324269,'-',3);
INSERT INTO "ENROLL" VALUES(23111,328993,'-',3);
INSERT INTO "ENROLL" VALUES(23120,327689,'-',3);
INSERT INTO "ENROLL" VALUES(23121,311198,'-',3);
INSERT INTO "ENROLL" VALUES(23121,328934,'-',3);
INSERT INTO "ENROLL" VALUES(23121,328993,'-',3);
INSERT INTO "ENROLL" VALUES(25000,320367,'-',3);
INSERT INTO "ENROLL" VALUES(25000,345783,'-',3);
INSERT INTO "ENROLL" VALUES(25001,330021,'-',3);
INSERT INTO "ENROLL" VALUES(25002,311357,'-',3);
INSERT INTO "ENROLL" VALUES(25002,322345,'-',3);
INSERT INTO "ENROLL" VALUES(25002,324258,'-',3);
INSERT INTO "ENROLL" VALUES(25002,343749,'-',3);
INSERT INTO "ENROLL" VALUES(25010,325563,'-',3);
INSERT INTO "ENROLL" VALUES(25011,345783,'-',3);
INSERT INTO "ENROLL" VALUES(30010,320367,'-',3);
INSERT INTO "ENROLL" VALUES(30010,324258,'-',3);
INSERT INTO "ENROLL" VALUES(30110,322345,'-',3);
INSERT INTO "ENROLL" VALUES(30110,324274,'-',3);
INSERT INTO "ENROLL" VALUES(30110,330021,'-',3);
INSERT INTO "ENROLL" VALUES(32000,342721,'-',3);
INSERT INTO "ENROLL" VALUES(32000,345783,'-',3);
INSERT INTO "ENROLL" VALUES(32001,343749,'-',3);
INSERT INTO "ENROLL" VALUES(32002,325563,'-',3);
INSERT INTO "ENROLL" VALUES(32002,330021,'-',3);
INSERT INTO "ENROLL" VALUES(40010,324258,'-',3);
INSERT INTO "ENROLL" VALUES(40010,342721,'-',3);
INSERT INTO "ENROLL" VALUES(40010,345783,'-',3);
INSERT INTO "ENROLL" VALUES(40011,322345,'-',3);
INSERT INTO "ENROLL" VALUES(40011,325563,'-',3);
INSERT INTO "ENROLL" VALUES(40011,330021,'-',3);
INSERT INTO "ENROLL" VALUES(40101,311198,'-',3);
INSERT INTO "ENROLL" VALUES(40101,311357,'-',3);
INSERT INTO "ENROLL" VALUES(40101,324257,'-',3);
INSERT INTO "ENROLL" VALUES(40101,324269,'-',3);
INSERT INTO "ENROLL" VALUES(40101,324274,'-',3);
INSERT INTO "ENROLL" VALUES(50021,324258,'-',3);
INSERT INTO "ENROLL" VALUES(50022,311198,'-',3);
INSERT INTO "ENROLL" VALUES(50022,327689,'-',3);
INSERT INTO "ENROLL" VALUES(50022,342721,'-',3);
INSERT INTO "ENROLL" VALUES(50022,343749,'-',3);
INSERT INTO "ENROLL" VALUES(50023,324257,'-',4);
INSERT INTO "ENROLL" VALUES(50023,324269,'-',4);
INSERT INTO "ENROLL" VALUES(50024,311357,'-',4);
INSERT INTO "ENROLL" VALUES(50024,324274,'-',4);
INSERT INTO "ENROLL" VALUES(50024,328934,'-',4);
INSERT INTO "ENROLL" VALUES(50024,345758,'-',4);
CREATE TABLE PROFESSOR (
  EMP_NUM INTEGER PRIMARY KEY NOT NULL,
  DEPT_CODE VARCHAR(10) NOT NULL,
  PROF_OFFICE VARCHAR(20) NOT NULL,
  PROF_EXTENSION VARCHAR(4) NOT NULL,
  PROF_HIGH_DEGREE VARCHAR(15) NOT NULL,
  FOREIGN KEY(DEPT_CODE) REFERENCES DEPARTMENT(DEPT_CODE),
  FOREIGN KEY(EMP_NUM) REFERENCES EMPLOYEE(EMP_NUM)
);
INSERT INTO "PROFESSOR" VALUES(103,'HIST','DRE 156','6783','Ph.D');
INSERT INTO "PROFESSOR" VALUES(104,'ENG','DRE 102','5561','MA');
INSERT INTO "PROFESSOR" VALUES(105,'ACCT','KLR 229D','8665','Ph.D');
INSERT INTO "PROFESSOR" VALUES(106,'MKT/MGT','KLR 126','3899','Ph.D');
INSERT INTO "PROFESSOR" VALUES(110,'BIOL','AAK 160','3412','Ph.D');
INSERT INTO "PROFESSOR" VALUES(114,'ACCT','KLR 211','4436','Ph.D');
INSERT INTO "PROFESSOR" VALUES(155,'MATH','AAK 201','4440','Ph.D');
INSERT INTO "PROFESSOR" VALUES(160,'ENG','DRE 102','2248','Ph.D');
INSERT INTO "PROFESSOR" VALUES(162,'CIS','KLR 203E','2359','Ph.D');
INSERT INTO "PROFESSOR" VALUES(191,'MKT/MGT','KLR 409B','4016','DBA');
INSERT INTO "PROFESSOR" VALUES(195,'PSYCH','AAK 297','3550','Ph.D');
INSERT INTO "PROFESSOR" VALUES(209,'CIS','KLR 333','3421','Ph.D');
INSERT INTO "PROFESSOR" VALUES(228,'CIS','KLR 300','3000','Ph.D');
INSERT INTO "PROFESSOR" VALUES(297,'MATH','AAK 194','1145','Ph.D');
INSERT INTO "PROFESSOR" VALUES(299,'ECON/FIN','KLR 284','2851','Ph.D');
INSERT INTO "PROFESSOR" VALUES(301,'ACCT','KLR 244','4683','Ph.D');
INSERT INTO "PROFESSOR" VALUES(335,'ENG','DRE 208','2000','Ph.D');
INSERT INTO "PROFESSOR" VALUES(342,'SOC','BBG 208','5514','Ph.D');
INSERT INTO "PROFESSOR" VALUES(387,'BIOL','AAK 230','8665','Ph.D');
INSERT INTO "PROFESSOR" VALUES(401,'HIST','DRE 156','6783','MA');
INSERT INTO "PROFESSOR" VALUES(425,'ECON/FIN','KLR 284','2851','MBA');
INSERT INTO "PROFESSOR" VALUES(435,'ART','BBG 185','2278','Ph.D');
COMMIT;
